1. Prologue,AFFC
2. Prologue,ADWD
3. Jon I,ADWD
4. The Prophet,AFFC
5. The Captain of Guards,AFFC
6. Cersei I,AFFC
7. Tyrion I,ADWD
8. Brienne I,AFFC
9. Sansa I,AFFC
10. Bran I,ADWD
11. Arya I,AFFC
12. Tyrion II,ADWD
13. Daenerys I,ADWD
14. Cersei II,AFFC
15. Jaime I,AFFC
16. Samwell I,AFFC
17. Jon II,ADWD
18. Brienne II,AFFC
19. Tyrion III,ADWD
20. Davos I,ADWD
21. Jon III,ADWD
22. Daenerys II,ADWD
23. Reek I,ADWD
24. The Kraken's Daughter,AFFC
25. Cersei III,AFFC
26. The Soiled Knight,AFFC
27. Brienne III,AFFC
28. Bran II,ADWD
29. Tyrion IV,ADWD
30. Davos II,ADWD
31. Daenerys III,ADWD
32. Samwell II,AFFC
33. Jon IV,ADWD
34. Tyrion V,ADWD
35. Jaime II,AFFC
36. Cersei IV,AFFC
37. The Iron Captain,AFFC
38. The Drowned Man,AFFC
39. Davos III,ADWD
40. The Queenmaker,AFFC
41. Brienne IV,AFFC
42. Alayne I,AFFC
43. Arya II,AFFC
44. Cersei V,AFFC
45. Reek II,ADWD
46. Jon V,ADWD
47. Tyrion VI,ADWD
48. The Princess In The Tower,AFFC
49. The Merchant's Man,ADWD
50. Daenerys IV,ADWD
51. Brienne V,AFFC
52. Samwell III,AFFC
53. Jaime III,AFFC
54. Cersei VI,AFFC
55. The Lost Lord,ADWD
56. The Windblown,ADWD
57. The Reaver,AFFC
58. The Wayward Bride,ADWD
59. Tyrion VII,ADWD
60. Daenerys V,ADWD
61. Jon VI,ADWD
62. Davos IV,ADWD
63. Jaime IV,AFFC
64. Brienne VI,AFFC
65. Cersei VII,AFFC
66. Melisandre I,ADWD
67. Samwell IV,AFFC
68. Cat Of The Canals,AFFC
69. Bran III,ADWD
70. Tyrion VIII,ADWD
71. Jaime V,AFFC
72. Reek III,ADWD
73. Jon VII,ADWD
74. Daenerys VI,ADWD
75. Cersei VIII,AFFC
76. The Prince of Winterfell,ADWD
77. The Watcher,ADWD
78. Brienne VII,AFFC
79. Jaime VI,AFFC
80. Jon VIII,ADWD
81. Alayne II,AFFC
82. Tyrion IX,ADWD
83. Cersei IX,AFFC
84. The Turncloak,ADWD
85. The King's Prize,ADWD
86. Brienne VIII,AFFC
87. Cersei X,AFFC
88. Jaime VII,AFFC
89. Daenerys VII,ADWD
90. Jon IX,ADWD
91. The Blind Girl,ADWD
92. A Ghost in Winterfell,ADWD
93. Tyrion X,ADWD
94. Jaime I,ADWD
95. Jon X,ADWD
96. Daenerys VIII,ADWD
97. Daenerys IX,ADWD
98. Theon,ADWD
99. Jon XI,ADWD
100. Cersei I,ADWD
101. The Griffin Reborn,ADWD
102. The Queensguard,ADWD
103. The Iron Suitor,ADWD
104. Tyrion XI,ADWD
105. Jon XII,ADWD
106. The Discarded Knight,ADWD
107. The Spurned Suitor,ADWD
108. The Sacrifice,ADWD
109. Victarion I,ADWD
110. The Ugly Little Girl,ADWD
111. Cersei II,ADWD
112. Tyrion XII,ADWD
113. The Kingbreaker,ADWD
114. The Dragontamer,ADWD
115. Jon XIII,ADWD
116. Samwell V,AFFC
117. Epilogue,ADWD
118. The Queen's Hand,ADWD
119. Daenerys X,ADWD